{
  "dns":   {
    "servers": [
      {
        "tag": "out_dns",
        "address": "8.8.8.8",
        "detour": "proxy"
      },
      {
        "tag": "local",
        "address": "223.5.5.5",
        "detour": "direct"
      },
      {
        "tag": "block",
        "address": "rcode://success"
      }
    ]
  },
  "inbounds": [
    {
      "type": "tun",
      "tag": "tun-in",
      "interface_name": "singbox_tun",
      "inet4_address": "172.19.0.1/30",

      "mtu": 9000,
      "auto_route": true,
      "strict_route": false,
      "stack": "gvisor",
      "endpoint_independent_nat": true,
      "sniff": true
    }
  ],
  "outbounds": [
    {
      "type": "socks",
      "tag": "proxy",
      "udp_fragment": true,
      "server": "127.0.0.1",
      "server_port": 10801
    },
    {
      "type": "block",
      "tag": "block"
    },
    {
      "type": "direct",
      "tag": "direct"
    },
    {
      "type": "dns",
      "tag": "dns_out"
    }
  ],
  "route": {
    "auto_detect_interface": true,
    "rules": [
      {
        "inbound": "dns_in",
        "outbound": "dns_out"
      },
      {
        "protocol": "dns",
        "outbound": "dns_out"
      },
      {
        "network": "udp",
        "port": [
          135,
          137,
          138,
          139,
          5353
        ],
        "outbound": "block"
      },
      {
        "ip_cidr": [
          "224.0.0.0/3",
          "ff00::/8"
        ],
        "outbound": "block"
      },
      {
        "source_ip_cidr": [
          "224.0.0.0/3",
          "ff00::/8"
        ],
        "outbound": "block"
      },
      {
        "port": 53,
        "process_name": [ "wv2ray.exe","v2ray.exe","SagerNet.exe","v2ray.exe","v2ray.exe","xray.exe","wxray.exe","clash-windows-amd64-v3.exe","clash-windows-amd64.exe","clash-windows-386.exe","clash.exe","Clash.Meta-windows-amd64-compatible.exe","Clash.Meta-windows-amd64.exe","Clash.Meta-windows-386.exe","Clash.Meta.exe","clash.exe","hysteria-windows-amd64.exe","hysteria-windows-386.exe","hysteria.exe","naiveproxy.exe","naive.exe","tuic-client.exe","tuic.exe"],
        "outbound": "dns_out"
      },
      {
        "process_name": [ "wv2ray.exe","v2ray.exe","SagerNet.exe","v2ray.exe","v2ray.exe","xray.exe","wxray.exe","clash-windows-amd64-v3.exe","clash-windows-amd64.exe","clash-windows-386.exe","clash.exe","Clash.Meta-windows-amd64-compatible.exe","Clash.Meta-windows-amd64.exe","Clash.Meta-windows-386.exe","Clash.Meta.exe","clash.exe","hysteria-windows-amd64.exe","hysteria-windows-386.exe","hysteria.exe","naiveproxy.exe","naive.exe","tuic-client.exe","tuic.exe","sing-box-client.exe","sing-box.exe"],
        "outbound": "direct"
      }
      
      
      
      
      
    ]
  }
}